"id","is_get_time","name","price","secondClassCN","commit_time","snapshot_time"
"288","1765992159","DT-AVS防弹衣 (破损)","98794","护甲","2025-12-17 17:22:39+00:00","2025-12-17 17:22:39+00:00"
"288","1765992159","DT-AVS防弹衣 (破损)","98794","护甲","2025-12-17 17:22:39+00:00","2025-12-17 17:22:39+00:00"
"288","1765992159","DT-AVS防弹衣 (破损)","98794","护甲","2025-12-17 17:22:39+00:00","2025-12-17 17:22:39+00:00"
"288","1765992159","DT-AVS防弹衣 (破损)","98794","护甲","2025-12-17 17:22:39+00:00","2025-12-17 17:22:39+00:00"
"288","1765992159","DT-AVS防弹衣 (破损)","98794","护甲","2025-12-17 17:22:39+00:00","2025-12-17 17:22:39+00:00"
"288","1765992159","DT-AVS防弹衣 (破损)","98794","护甲","2025-12-17 17:22:39+00:00","2025-12-17 17:22:39+00:00"
"288","1765992159","DT-AVS防弹衣 (破损)","98794","护甲","2025-12-17 17:22:39+00:00","2025-12-17 17:22:39+00:00"
"288","2025-12-17 17:22:39+00:00","DT-AVS防弹衣 (破损)","98794","护甲","2025-12-17 17:22:39+00:00","2025-12-17 17:22:39+00:00"
"288","2025-12-17 17:22:39+00:00","DT-AVS防弹衣 (破损)","98794","护甲","2025-12-17 17:22:39+00:00","2025-12-17 17:22:39+00:00"
